<?xml version="1.0" encoding="UTF-8"?>
<project-private xmlns="http://www.netbeans.org/ns/project-private/1">
    <editor-bookmarks xmlns="http://www.netbeans.org/ns/editor-bookmarks/2" lastBookmarkId="0"/>
    <open-files xmlns="http://www.netbeans.org/ns/projectui-open-files/2">
        <group>
            <file>file:/D:/My%20Files/OneDrive/NCI/Year%20TWO/Object%20Oriented%20Programming/LottoApp/src/com/unscripted/lottoapp/Lotto.java</file>
            <file>file:/D:/My%20Files/OneDrive/NCI/Year%20TWO/Object%20Oriented%20Programming/LottoApp/src/com/unscripted/lottoapp/LottoApp.java</file>
            <file>file:/D:/My%20Files/OneDrive/NCI/Year%20TWO/Object%20Oriented%20Programming/LottoApp/src/com/unscripted/lottoapp/LottoGUI.java</file>
        </group>
    </open-files>
</project-private>
